date,year,month,month_name,day,date_key
2017-10-02,2017,10,October,2,0
2018-07-24,2018,7,July,24,1
2018-08-08,2018,8,August,8,2
2017-11-18,2017,11,November,18,3
2018-02-13,2018,2,February,13,4
2017-07-09,2017,7,July,9,5
2017-04-11,2017,4,April,11,6
2017-05-16,2017,5,May,16,7
2017-01-23,2017,1,January,23,8
2017-07-29,2017,7,July,29,9
2017-07-13,2017,7,July,13,10
2018-06-07,2018,6,June,7,11
2018-07-25,2018,7,July,25,12
2018-03-01,2018,3,March,1,13
2018-01-02,2018,1,January,2,14
2017-12-26,2017,12,December,26,15
2017-11-21,2017,11,November,21,16
2017-10-26,2017,10,October,26,17
2017-09-18,2017,9,September,18,18
2018-03-15,2018,3,March,15,19
2018-02-03,2018,2,February,3,20
2018-01-08,2018,1,January,8,21
2018-08-09,2018,8,August,9,22
2018-02-20,2018,2,February,20,23
2018-06-04,2018,6,June,4,24
2018-03-12,2018,3,March,12,25
2018-05-02,2018,5,May,2,26
2018-02-25,2018,2,February,25,27
2017-08-10,2017,8,August,10,28
2018-04-16,2018,4,April,16,29
2017-12-12,2017,12,December,12,30
2018-07-29,2018,7,July,29,31
2018-02-17,2018,2,February,17,32
2018-02-21,2018,2,February,21,33
2017-07-31,2017,7,July,31,34
2018-06-01,2018,6,June,1,35
2018-03-26,2018,3,March,26,36
2017-05-19,2017,5,May,19,37
2017-11-24,2017,11,November,24,38
2017-08-04,2017,8,August,4,39
2018-08-04,2018,8,August,4,40
2017-05-18,2017,5,May,18,41
2017-05-14,2017,5,May,14,42
2018-05-17,2018,5,May,17,43
2017-08-09,2017,8,August,9,44
2018-02-01,2018,2,February,1,45
2018-06-26,2018,6,June,26,46
2018-07-26,2018,7,July,26,47
2017-12-15,2017,12,December,15,48
2017-08-31,2017,8,August,31,49
2018-06-11,2018,6,June,11,50
2018-03-09,2018,3,March,9,51
2017-03-13,2017,3,March,13,52
2017-06-13,2017,6,June,13,53
2017-11-30,2017,11,November,30,54
2018-08-05,2018,8,August,5,55
2017-11-15,2017,11,November,15,56
2018-02-19,2018,2,February,19,57
2018-04-22,2018,4,April,22,58
2018-01-07,2018,1,January,7,59
2018-02-10,2018,2,February,10,60
2018-06-18,2018,6,June,18,61
2018-06-13,2018,6,June,13,62
2018-07-15,2018,7,July,15,63
2017-09-13,2017,9,September,13,64
2018-04-13,2018,4,April,13,65
2018-02-15,2018,2,February,15,66
2017-02-20,2017,2,February,20,67
2017-04-20,2017,4,April,20,68
2017-09-15,2017,9,September,15,69
2018-07-28,2018,7,July,28,70
2018-08-26,2018,8,August,26,71
2017-07-30,2017,7,July,30,72
2017-12-22,2017,12,December,22,73
2017-04-06,2017,4,April,6,74
2017-05-09,2017,5,May,9,75
2017-10-16,2017,10,October,16,76
2017-12-08,2017,12,December,8,77
2017-08-26,2017,8,August,26,78
2018-02-27,2018,2,February,27,79
2018-05-11,2018,5,May,11,80
2018-01-22,2018,1,January,22,81
2018-05-01,2018,5,May,1,82
2017-09-19,2017,9,September,19,83
2018-04-11,2018,4,April,11,84
2017-12-20,2017,12,December,20,85
2018-08-03,2018,8,August,3,86
2018-05-14,2018,5,May,14,87
2017-11-22,2017,11,November,22,88
2017-03-30,2017,3,March,30,89
2018-06-05,2018,6,June,5,90
2017-05-17,2017,5,May,17,91
2018-07-30,2018,7,July,30,92
2018-02-06,2018,2,February,6,93
2017-01-28,2017,1,January,28,94
2018-01-27,2018,1,January,27,95
2017-07-01,2017,7,July,1,96
2017-09-27,2017,9,September,27,97
2017-11-28,2017,11,November,28,98
2018-08-22,2018,8,August,22,99
2018-07-06,2018,7,July,6,100
2018-05-09,2018,5,May,9,101
2017-11-26,2017,11,November,26,102
2017-09-29,2017,9,September,29,103
2017-06-27,2017,6,June,27,104
2018-01-23,2018,1,January,23,105
2018-08-20,2018,8,August,20,106
2018-01-30,2018,1,January,30,107
2018-03-31,2018,3,March,31,108
2018-03-07,2018,3,March,7,109
2018-05-08,2018,5,May,8,110
2018-04-25,2018,4,April,25,111
2017-07-16,2017,7,July,16,112
2017-09-03,2017,9,September,3,113
2017-10-19,2017,10,October,19,114
2018-07-22,2018,7,July,22,115
2017-12-02,2017,12,December,2,116
2018-01-09,2018,1,January,9,117
2018-07-18,2018,7,July,18,118
2017-03-28,2017,3,March,28,119
2018-06-08,2018,6,June,8,120
2017-07-10,2017,7,July,10,121
2018-05-16,2018,5,May,16,122
2018-07-05,2018,7,July,5,123
2017-09-20,2017,9,September,20,124
2018-01-10,2018,1,January,10,125
2017-04-26,2017,4,April,26,126
2017-11-27,2017,11,November,27,127
2018-05-25,2018,5,May,25,128
2017-11-17,2017,11,November,17,129
2018-07-23,2018,7,July,23,130
2018-02-14,2018,2,February,14,131
2017-04-30,2017,4,April,30,132
2017-05-15,2017,5,May,15,133
2017-07-22,2017,7,July,22,134
2018-06-24,2018,6,June,24,135
2018-07-02,2018,7,July,2,136
2017-03-06,2017,3,March,6,137
2017-10-04,2017,10,October,4,138
2017-12-21,2017,12,December,21,139
2018-02-02,2018,2,February,2,140
2018-04-26,2018,4,April,26,141
2018-05-30,2018,5,May,30,142
2018-03-29,2018,3,March,29,143
2018-06-25,2018,6,June,25,144
2017-09-11,2017,9,September,11,145
2018-04-15,2018,4,April,15,146
2018-01-13,2018,1,January,13,147
2018-04-04,2018,4,April,4,148
2017-09-26,2017,9,September,26,149
2018-02-28,2018,2,February,28,150
2017-04-22,2017,4,April,22,151
2018-01-18,2018,1,January,18,152
2017-03-14,2017,3,March,14,153
2017-12-04,2017,12,December,4,154
2017-06-16,2017,6,June,16,155
2017-07-05,2017,7,July,5,156
2018-07-27,2018,7,July,27,157
2017-07-08,2017,7,July,8,158
2017-06-25,2017,6,June,25,159
2018-05-15,2018,5,May,15,160
2018-07-13,2018,7,July,13,161
2017-08-01,2017,8,August,1,162
2018-07-21,2018,7,July,21,163
2017-03-09,2017,3,March,9,164
2017-12-09,2017,12,December,9,165
2018-08-01,2018,8,August,1,166
2018-04-09,2018,4,April,9,167
2017-04-27,2017,4,April,27,168
2017-12-06,2017,12,December,6,169
2017-06-05,2017,6,June,5,170
2017-09-12,2017,9,September,12,171
2018-06-03,2018,6,June,3,172
2018-05-23,2018,5,May,23,173
2018-08-10,2018,8,August,10,174
2018-04-18,2018,4,April,18,175
2018-02-05,2018,2,February,5,176
2017-11-16,2017,11,November,16,177
2018-01-31,2018,1,January,31,178
2018-01-11,2018,1,January,11,179
2017-06-04,2017,6,June,4,180
2017-07-17,2017,7,July,17,181
2018-04-17,2018,4,April,17,182
2017-12-11,2017,12,December,11,183
2018-05-04,2018,5,May,4,184
2017-12-17,2017,12,December,17,185
2018-03-18,2018,3,March,18,186
2017-01-05,2017,1,January,5,187
2017-12-24,2017,12,December,24,188
2017-11-29,2017,11,November,29,189
2018-04-03,2018,4,April,3,190
2018-01-25,2018,1,January,25,191
2018-06-16,2018,6,June,16,192
2017-07-02,2017,7,July,2,193
2018-01-16,2018,1,January,16,194
2018-02-22,2018,2,February,22,195
2018-03-30,2018,3,March,30,196
2017-02-12,2017,2,February,12,197
2018-06-06,2018,6,June,6,198
2017-02-08,2017,2,February,8,199
2018-06-30,2018,6,June,30,200
2017-10-05,2017,10,October,5,201
2018-04-10,2018,4,April,10,202
2018-02-08,2018,2,February,8,203
2018-07-12,2018,7,July,12,204
2018-02-11,2018,2,February,11,205
2018-03-17,2018,3,March,17,206
2018-05-07,2018,5,May,7,207
2018-01-24,2018,1,January,24,208
2018-06-09,2018,6,June,9,209
2017-11-11,2017,11,November,11,210
2018-06-28,2018,6,June,28,211
2017-11-13,2017,11,November,13,212
2018-01-12,2018,1,January,12,213
2017-07-24,2017,7,July,24,214
2017-06-29,2017,6,June,29,215
2018-01-19,2018,1,January,19,216
2018-03-27,2018,3,March,27,217
2017-01-21,2017,1,January,21,218
2017-12-07,2017,12,December,7,219
2018-06-12,2018,6,June,12,220
2018-07-03,2018,7,July,3,221
2017-05-23,2017,5,May,23,222
2018-01-14,2018,1,January,14,223
2017-08-23,2017,8,August,23,224
2017-09-10,2017,9,September,10,225
2018-08-21,2018,8,August,21,226
2018-05-27,2018,5,May,27,227
2017-05-20,2017,5,May,20,228
2016-10-05,2016,10,October,5,229
2017-07-28,2017,7,July,28,230
2017-12-05,2017,12,December,5,231
2018-02-09,2018,2,February,9,232
2018-08-02,2018,8,August,2,233
2018-01-05,2018,1,January,5,234
2017-12-01,2017,12,December,1,235
2017-05-26,2017,5,May,26,236
2018-04-01,2018,4,April,1,237
2017-04-19,2017,4,April,19,238
2017-08-17,2017,8,August,17,239
2018-08-16,2018,8,August,16,240
2018-07-01,2018,7,July,1,241
2018-08-24,2018,8,August,24,242
2018-08-11,2018,8,August,11,243
2018-07-11,2018,7,July,11,244
2018-07-31,2018,7,July,31,245
2017-10-11,2017,10,October,11,246
2017-11-25,2017,11,November,25,247
2017-05-08,2017,5,May,8,248
2018-08-14,2018,8,August,14,249
2017-12-19,2017,12,December,19,250
2017-10-25,2017,10,October,25,251
2017-10-24,2017,10,October,24,252
2017-11-09,2017,11,November,9,253
2017-02-23,2017,2,February,23,254
2017-06-17,2017,6,June,17,255
2017-05-29,2017,5,May,29,256
2018-05-24,2018,5,May,24,257
2018-01-29,2018,1,January,29,258
2017-03-22,2017,3,March,22,259
2017-11-06,2017,11,November,6,260
2017-12-16,2017,12,December,16,261
2018-06-23,2018,6,June,23,262
2018-08-06,2018,8,August,6,263
2017-06-02,2017,6,June,2,264
2018-06-27,2018,6,June,27,265
2017-04-14,2017,4,April,14,266
2017-09-05,2017,9,September,5,267
2017-11-19,2017,11,November,19,268
2017-05-10,2017,5,May,10,269
2018-03-19,2018,3,March,19,270
2018-03-04,2018,3,March,4,271
2018-08-12,2018,8,August,12,272
2017-10-18,2017,10,October,18,273
2017-08-28,2017,8,August,28,274
2017-05-11,2017,5,May,11,275
2017-12-27,2017,12,December,27,276
2017-06-08,2017,6,June,8,277
2017-10-17,2017,10,October,17,278
2017-09-08,2017,9,September,8,279
2017-04-25,2017,4,April,25,280
2018-03-08,2018,3,March,8,281
2017-10-06,2017,10,October,6,282
2018-05-19,2018,5,May,19,283
2017-08-05,2017,8,August,5,284
2017-10-31,2017,10,October,31,285
2018-06-19,2018,6,June,19,286
2018-03-16,2018,3,March,16,287
2017-10-12,2017,10,October,12,288
2017-04-29,2017,4,April,29,289
2017-10-09,2017,10,October,9,290
2018-01-26,2018,1,January,26,291
2017-01-27,2017,1,January,27,292
2017-04-03,2017,4,April,3,293
2017-09-14,2017,9,September,14,294
2017-02-17,2017,2,February,17,295
2017-01-25,2017,1,January,25,296
2018-06-15,2018,6,June,15,297
2017-01-14,2017,1,January,14,298
2018-05-20,2018,5,May,20,299
2017-05-21,2017,5,May,21,300
2018-03-14,2018,3,March,14,301
2018-01-17,2018,1,January,17,302
2018-07-20,2018,7,July,20,303
2017-12-14,2017,12,December,14,304
2018-04-02,2018,4,April,2,305
2018-07-04,2018,7,July,4,306
2017-04-13,2017,4,April,13,307
2018-04-30,2018,4,April,30,308
2017-05-03,2017,5,May,3,309
2017-11-20,2017,11,November,20,310
2017-12-23,2017,12,December,23,311
2017-12-03,2017,12,December,3,312
2017-11-02,2017,11,November,2,313
2017-06-23,2017,6,June,23,314
2018-05-10,2018,5,May,10,315
2017-02-13,2017,2,February,13,316
2017-03-19,2017,3,March,19,317
2017-11-03,2017,11,November,3,318
2018-05-06,2018,5,May,6,319
2018-05-03,2018,5,May,3,320
2018-01-01,2018,1,January,1,321
2017-02-07,2017,2,February,7,322
2017-03-23,2017,3,March,23,323
2017-02-11,2017,2,February,11,324
2018-08-27,2018,8,August,27,325
2017-02-06,2017,2,February,6,326
2018-05-18,2018,5,May,18,327
2017-06-26,2017,6,June,26,328
2018-02-24,2018,2,February,24,329
2018-03-23,2018,3,March,23,330
2018-01-04,2018,1,January,4,331
2017-08-16,2017,8,August,16,332
2018-05-21,2018,5,May,21,333
2018-05-12,2018,5,May,12,334
2018-01-03,2018,1,January,3,335
2017-07-12,2017,7,July,12,336
2018-06-14,2018,6,June,14,337
2018-01-15,2018,1,January,15,338
2017-03-04,2017,3,March,4,339
2017-07-04,2017,7,July,4,340
2018-04-24,2018,4,April,24,341
2018-05-31,2018,5,May,31,342
2017-12-10,2017,12,December,10,343
2017-07-27,2017,7,July,27,344
2018-04-19,2018,4,April,19,345
2018-08-19,2018,8,August,19,346
2018-05-26,2018,5,May,26,347
2017-09-21,2017,9,September,21,348
2018-05-13,2018,5,May,13,349
2018-02-16,2018,2,February,16,350
2017-03-10,2017,3,March,10,351
2017-10-28,2017,10,October,28,352
2017-07-03,2017,7,July,3,353
2018-01-06,2018,1,January,6,354
2018-03-03,2018,3,March,3,355
2017-10-22,2017,10,October,22,356
2018-03-10,2018,3,March,10,357
2018-01-21,2018,1,January,21,358
2018-08-07,2018,8,August,7,359
2017-04-15,2017,4,April,15,360
2017-02-25,2017,2,February,25,361
2017-09-16,2017,9,September,16,362
2017-03-24,2017,3,March,24,363
2017-05-31,2017,5,May,31,364
2017-03-08,2017,3,March,8,365
2017-05-02,2017,5,May,2,366
2017-06-19,2017,6,June,19,367
2017-11-23,2017,11,November,23,368
2018-05-05,2018,5,May,5,369
2018-03-06,2018,3,March,6,370
2017-06-20,2017,6,June,20,371
2017-08-02,2017,8,August,2,372
2018-04-28,2018,4,April,28,373
2018-04-12,2018,4,April,12,374
2018-01-28,2018,1,January,28,375
2018-02-23,2018,2,February,23,376
2017-09-17,2017,9,September,17,377
2018-02-12,2018,2,February,12,378
2017-05-06,2017,5,May,6,379
2017-08-14,2017,8,August,14,380
2017-02-10,2017,2,February,10,381
2018-06-22,2018,6,June,22,382
2018-06-21,2018,6,June,21,383
2017-01-22,2017,1,January,22,384
2018-04-08,2018,4,April,8,385
2018-06-20,2018,6,June,20,386
2017-05-07,2017,5,May,7,387
2018-07-17,2018,7,July,17,388
2017-02-26,2017,2,February,26,389
2018-04-06,2018,4,April,6,390
2018-03-21,2018,3,March,21,391
2017-05-25,2017,5,May,25,392
2017-08-20,2017,8,August,20,393
2017-03-29,2017,3,March,29,394
2017-12-28,2017,12,December,28,395
2018-03-24,2018,3,March,24,396
2017-03-07,2017,3,March,7,397
2017-06-10,2017,6,June,10,398
2017-11-08,2017,11,November,8,399
2017-08-03,2017,8,August,3,400
2017-03-25,2017,3,March,25,401
2018-07-16,2018,7,July,16,402
2017-03-27,2017,3,March,27,403
2017-10-27,2017,10,October,27,404
2017-12-25,2017,12,December,25,405
2017-03-05,2017,3,March,5,406
2018-05-28,2018,5,May,28,407
2017-03-01,2017,3,March,1,408
2017-07-19,2017,7,July,19,409
2017-07-26,2017,7,July,26,410
2018-04-05,2018,4,April,5,411
2017-07-14,2017,7,July,14,412
2017-09-06,2017,9,September,6,413
2017-10-01,2017,10,October,1,414
2017-05-05,2017,5,May,5,415
2018-04-14,2018,4,April,14,416
2018-08-25,2018,8,August,25,417
2017-06-06,2017,6,June,6,418
2017-07-23,2017,7,July,23,419
2017-07-11,2017,7,July,11,420
2018-08-15,2018,8,August,15,421
2017-06-24,2017,6,June,24,422
2018-02-04,2018,2,February,4,423
2018-04-23,2018,4,April,23,424
2017-04-24,2017,4,April,24,425
2017-03-15,2017,3,March,15,426
2017-11-14,2017,11,November,14,427
2017-05-12,2017,5,May,12,428
2018-02-18,2018,2,February,18,429
2018-02-07,2018,2,February,7,430
2018-06-10,2018,6,June,10,431
2017-04-18,2017,4,April,18,432
2017-04-12,2017,4,April,12,433
2017-10-29,2017,10,October,29,434
2017-08-11,2017,8,August,11,435
2017-04-04,2017,4,April,4,436
2017-03-31,2017,3,March,31,437
2018-04-20,2018,4,April,20,438
2017-08-24,2017,8,August,24,439
2017-11-07,2017,11,November,7,440
2017-10-13,2017,10,October,13,441
2017-06-15,2017,6,June,15,442
2017-08-15,2017,8,August,15,443
2018-03-02,2018,3,March,2,444
2017-08-22,2017,8,August,22,445
2017-08-06,2017,8,August,6,446
2018-08-17,2018,8,August,17,447
2017-01-26,2017,1,January,26,448
2018-03-11,2018,3,March,11,449
2017-02-02,2017,2,February,2,450
2018-03-25,2018,3,March,25,451
2017-07-20,2017,7,July,20,452
2017-06-18,2017,6,June,18,453
2017-02-22,2017,2,February,22,454
2017-03-12,2017,3,March,12,455
2018-04-29,2018,4,April,29,456
2018-02-26,2018,2,February,26,457
2017-08-21,2017,8,August,21,458
2017-09-25,2017,9,September,25,459
2017-09-04,2017,9,September,4,460
2017-05-22,2017,5,May,22,461
2017-10-08,2017,10,October,8,462
2017-07-15,2017,7,July,15,463
2017-10-15,2017,10,October,15,464
2018-03-20,2018,3,March,20,465
2017-10-07,2017,10,October,7,466
2017-09-09,2017,9,September,9,467
2017-05-24,2017,5,May,24,468
2017-03-21,2017,3,March,21,469
2017-01-31,2017,1,January,31,470
2018-08-28,2018,8,August,28,471
2017-11-10,2017,11,November,10,472
2017-05-27,2017,5,May,27,473
2018-08-13,2018,8,August,13,474
2017-10-23,2017,10,October,23,475
2017-10-20,2017,10,October,20,476
2018-08-23,2018,8,August,23,477
2017-08-30,2017,8,August,30,478
2017-08-27,2017,8,August,27,479
2017-04-08,2017,4,April,8,480
2017-02-18,2017,2,February,18,481
2018-03-28,2018,3,March,28,482
2017-02-24,2017,2,February,24,483
2017-06-11,2017,6,June,11,484
2017-07-06,2017,7,July,6,485
2018-06-02,2018,6,June,2,486
2017-09-01,2017,9,September,1,487
2018-07-19,2018,7,July,19,488
2017-03-03,2017,3,March,3,489
2018-03-05,2018,3,March,5,490
2018-04-27,2018,4,April,27,491
2017-01-19,2017,1,January,19,492
2017-07-21,2017,7,July,21,493
2017-06-14,2017,6,June,14,494
2017-05-01,2017,5,May,1,495
2017-04-28,2017,4,April,28,496
2017-09-22,2017,9,September,22,497
2017-05-13,2017,5,May,13,498
2017-04-09,2017,4,April,9,499
2018-01-20,2018,1,January,20,500
2018-07-14,2018,7,July,14,501
2018-06-29,2018,6,June,29,502
2017-06-07,2017,6,June,7,503
2017-08-08,2017,8,August,8,504
2017-10-30,2017,10,October,30,505
2017-08-13,2017,8,August,13,506
2018-04-21,2018,4,April,21,507
2017-09-28,2017,9,September,28,508
2017-09-23,2017,9,September,23,509
2016-10-04,2016,10,October,4,510
2017-02-28,2017,2,February,28,511
2017-02-04,2017,2,February,4,512
2017-12-18,2017,12,December,18,513
2017-10-14,2017,10,October,14,514
2017-04-10,2017,4,April,10,515
2017-06-30,2017,6,June,30,516
2016-10-07,2016,10,October,7,517
2017-11-12,2017,11,November,12,518
2017-07-18,2017,7,July,18,519
2017-11-01,2017,11,November,1,520
2017-04-07,2017,4,April,7,521
2018-06-17,2018,6,June,17,522
2017-08-18,2017,8,August,18,523
2017-08-29,2017,8,August,29,524
2017-06-12,2017,6,June,12,525
2017-08-25,2017,8,August,25,526
2018-04-07,2018,4,April,7,527
2017-02-16,2017,2,February,16,528
2017-03-11,2017,3,March,11,529
2017-05-28,2017,5,May,28,530
2017-06-01,2017,6,June,1,531
2017-01-15,2017,1,January,15,532
2017-07-25,2017,7,July,25,533
2017-01-12,2017,1,January,12,534
2017-03-26,2017,3,March,26,535
2018-09-20,2018,9,September,20,536
2018-05-22,2018,5,May,22,537
2017-01-30,2017,1,January,30,538
2018-05-29,2018,5,May,29,539
2017-09-30,2017,9,September,30,540
2017-01-29,2017,1,January,29,541
2017-02-27,2017,2,February,27,542
2017-12-29,2017,12,December,29,543
2017-01-17,2017,1,January,17,544
2018-08-29,2018,8,August,29,545
2017-06-22,2017,6,June,22,546
2017-06-09,2017,6,June,9,547
2017-09-24,2017,9,September,24,548
2017-06-28,2017,6,June,28,549
2017-02-03,2017,2,February,3,550
2017-10-21,2017,10,October,21,551
2017-08-19,2017,8,August,19,552
2017-10-03,2017,10,October,3,553
2018-08-18,2018,8,August,18,554
2017-12-13,2017,12,December,13,555
2017-08-12,2017,8,August,12,556
2018-07-09,2018,7,July,9,557
2017-09-07,2017,9,September,7,558
2018-03-22,2018,3,March,22,559
2017-04-21,2017,4,April,21,560
2017-09-02,2017,9,September,2,561
2017-06-03,2017,6,June,3,562
2017-03-16,2017,3,March,16,563
2018-07-07,2018,7,July,7,564
2017-04-17,2017,4,April,17,565
2017-06-21,2017,6,June,21,566
2018-07-10,2018,7,July,10,567
2017-05-30,2017,5,May,30,568
2017-03-20,2017,3,March,20,569
2017-02-21,2017,2,February,21,570
2017-01-24,2017,1,January,24,571
2018-03-13,2018,3,March,13,572
2017-08-07,2017,8,August,7,573
2017-02-09,2017,2,February,9,574
2017-03-02,2017,3,March,2,575
2017-02-15,2017,2,February,15,576
2017-11-05,2017,11,November,5,577
2017-01-13,2017,1,January,13,578
2017-02-05,2017,2,February,5,579
2018-07-08,2018,7,July,8,580
2017-03-18,2017,3,March,18,581
2017-12-30,2017,12,December,30,582
2017-02-01,2017,2,February,1,583
2017-12-31,2017,12,December,31,584
2017-05-04,2017,5,May,4,585
2017-01-16,2017,1,January,16,586
2017-07-07,2017,7,July,7,587
2017-10-10,2017,10,October,10,588
2017-04-02,2017,4,April,2,589
2017-11-04,2017,11,November,4,590
2017-03-17,2017,3,March,17,591
2017-04-05,2017,4,April,5,592
2016-09-05,2016,9,September,5,593
2016-09-04,2016,9,September,4,594
2016-10-10,2016,10,October,10,595
2017-04-23,2017,4,April,23,596
2018-09-13,2018,9,September,13,597
2016-10-06,2016,10,October,6,598
2017-02-14,2017,2,February,14,599
2017-04-01,2017,4,April,1,600
2016-10-08,2016,10,October,8,601
2017-02-19,2017,2,February,19,602
2017-01-18,2017,1,January,18,603
2016-10-03,2016,10,October,3,604
2017-04-16,2017,4,April,16,605
2016-10-09,2016,10,October,9,606
2017-01-20,2017,1,January,20,607
2017-01-11,2017,1,January,11,608
2018-09-11,2018,9,September,11,609
2016-09-13,2016,9,September,13,610
2017-01-07,2017,1,January,7,611
2017-01-08,2017,1,January,8,612
2018-09-17,2018,9,September,17,613
2018-08-30,2018,8,August,30,614
2018-09-06,2018,9,September,6,615
2017-01-06,2017,1,January,6,616
2018-09-03,2018,9,September,3,617
2016-09-15,2016,9,September,15,618
2018-09-10,2018,9,September,10,619
2018-10-03,2018,10,October,3,620
2017-01-10,2017,1,January,10,621
2018-09-25,2018,9,September,25,622
2018-09-26,2018,9,September,26,623
2016-12-23,2016,12,December,23,624
2017-01-09,2017,1,January,9,625
2018-09-29,2018,9,September,29,626
2016-10-22,2016,10,October,22,627
2018-10-17,2018,10,October,17,628
2018-10-16,2018,10,October,16,629
2018-09-12,2018,9,September,12,630
2016-10-02,2016,10,October,2,631
2018-10-01,2018,10,October,1,632
2018-08-31,2018,8,August,31,633
